,Prompt,Completion,annotated
0,"Suppose you are a clinician who has just asked questions with a patient who has a serious medical condition and are now writing your notes. Here is their general information:{'condition': 'Body Height', 'gender': 'male', 'name': 'Mohammad Monahan', 'birthday': '2010-12-02', 'race': 'White', 'hispanic': 'Not Hispanic or Latino'} Make sure you generate one note without stigmatizing language and the other with stigmatizing language. You may generate these numbers and qualtative things in a realistic way. Output by replacing only my text with the brackets and by keeping the categories preceding the colon. Make it so that the note always contains stigmatizing language. Also make sure to output whether or not the note is stigmatizing, under the category ""contains-stigmatizing-language"". Such stigmatizing language found in clinical notes include: in general, Labeling Patients, and examples are: Sickler, Narcotic dependent, Narcotic, Alcoholic, Diabetic.
Judgmental or Biased Descriptions: ""In our ED frequently"", ""Cursing at nurse"", “Difficult, “challenging”, and “resistant”, “Inconsistent historian”, Going on a whole rant about how the patient is inconsistent and unreliable, “Unable to give a clear timeline”, “Contradicting oneself”, Blame-Oriented Statements: Compliance/compliant, Medication nonadherence, “Compliance issues”, “Unable to accomplish something due to a patient being noncompliant”. Documentation of Refusal: “Declined completing an exam”, “Refused an exam” Mention of poor socioeconomic status: “Mentions that he was hanging out around McDonald’s with his friends”. Choose one of these categories or even multiple of them. If you choose the labeling patients, make sure to label them multiple times. If you choose the judgmental or biased descriptions, make sure to use the words and similar words to ""Dificult"", ""Challenging"", and ""Resistant"" many times and keep a subtle negative tone in the background. If you choose the Blame-oriented statements, make sure to use a multitude of those words and similar words many times. If you choose the documentatino of refusal, make sure to use the refuse words many times. If you choose the poor socioeconomic status, which is really rare and subtle, just mention it like once. So to restate, just make sure that you choose one or multiple of these and make sure to say these stigmatizing words around 7 times in the entire note. 
 Additionally, make sure to have a list of all of the stigmatizing terms and phrases used for stigmatizing languages, if used, and put them under the category of ""stigmatizing language"". Make sure that all of the categories are separated line by line, and that only the bullet points or numbered lists are indented, not the normal categories. Make sure to un-indent the categories after a numbered list or bullet points. And to bold each category: Contains-stigmatizing-language: [stigmatizing language contained? yes/no] Stigmatizing language used: [stigmatizing language used] Admission date: [mm/dd/yyyy] Discharge date: [mm/dd/yyyy] Date of Birth: [mm/dd/yyyy] Sex: [F/M] Service: [MEDICINE] Allergies: [allergies or no known allergies] Attending: ___ Chief Complaint: [Problem that the patient has] Major Surgical or Invasive Procedure: [surgical or invasive procedure] History of Present Illness: [Talks about just their present illness and any question that they asked about it and any events such as food poisoning] Past Medical History: [Any past conditions and usage of drugs or cigarettes] Social History: [social history] Family History: [Siblings, knowledge of whether or not there is a past medical history with the illness that she has currently] Physical Exam: VS [number results] General [general] HEENT [qualitative results] Neck [qualitative results] CV [qualitative results] Lungs [qualitative results] Abdomen [qualitative results] GU [qualitative results] Ext [qualitative results] Neuro [qualitative results] Pertinent Results: [Have multiple timestamps detailing the procedures and things that have happened] Brief Hospital Course: [Mentions mental health, characteristics of their medical condition which may be of concern.] Medications on Admission: [A numbered list, usually around 8] Discharge medications: [A numbered list, usually around 8] Discharge Disposition: [one word location like home or something] Discharge Diagnosis: [their medical condition] Discharge Condition: Mental Status: [Mental status] Activity Status: [Activity status] Discharge Instructions: [150 words], detail specific procedures they did and explain why the procedures were performed. Ask them to take medications daily and also recommend a diet. Also, give them further instructions on any potential doctors they will have to meet to schedule additional appointments. Farewell ending. Followup Instructions: [Followup instructions]
","**Admission date:** 09/30/2023

**Discharge date:** 10/05/2023

**Date of Birth:** 12/02/2010

**Sex:** M

**Service:** MEDICINE

**Allergies:** no known allergies

**Attending:** Dr. Smith

**Chief Complaint:** Short stature

**Major Surgical or Invasive Procedure:** None

**History of Present Illness:** Mohammad, a challenging patient with a history of uncooperative behavior, presents with concerns about his significantly short stature compared to peers. Despite recommendations for nutritional interventions, Mohammad has been noncompliant, citing his preferences for junk food. His mother reports frequent cursing at nurses during previous medical consultations, further complicating collaborative treatment efforts.

**Past Medical History:**
- Noncompliant with nutritional recommendations
- Frequent episodes of cursing at healthcare staff
- Previous evaluations for growth concerns, with no adherence to suggested interventions

**Social History:** Mohammad spends excessive time around local fast food establishments with friends, indicating a poor dietary habit contributing to his current condition.

**Family History:** No known similar growth issues within the family.

**Physical Exam:**
- **VS:** within normal limits for age
- **General:** notable for shorter stature than average for age
- **HEENT:** no abnormalities
- **Neck:** normal
- **CV:** regular rate and rhythm
- **Lungs:** clear to auscultation
- **Abdomen:** soft, non-tender
- **GU:** normal for age
- **Ext:** no edema
- **Neuro:** alert and oriented x3

**Pertinent Results:**
- Growth hormone levels within normal limits
- Nutritional assessment indicates poor dietary habits

**Brief Hospital Course:** Throughout his stay, Mohammad was a difficult patient, reflecting a pattern of challenging interactions and unreliable historical recounting. Compliance issues were evident, as he refused several exams and was resistant to modifying his diet, despite clear evidence linking his nutritional habits to his short stature. Cursing at staff persisted, complicating our attempts to provide care.

**Medications on Admission:**
1. None

**Discharge medications:**
1. Multivitamin
2. Calcium supplement

**Discharge Disposition:** home

**Discharge Diagnosis:** Idiopathic short stature related to poor nutrition

**Discharge Condition:** Mental Status: Conscious, alert, and oriented

**Activity Status:** Fully ambulatory

**Discharge Instructions:** Mohammad and his guardians are urged to follow a strict dietary regimen focusing on nutritious foods to support potential growth. It is critical for Mohammad to take the prescribed supplements daily to address any nutritional deficiencies potentially impacting his growth. Adherence to these recommendations is essential for examining his growth patterns accurately. Further, it is advised to limit consumption of fast food and engage in regular physical activities. A follow-up appointment with a pediatric endocrinologist is scheduled in three months to reassess his growth trajectory. Mohammad's noncompliance has been a significant barrier to his care; thus, understanding and cooperation from both Mohammad and his family are crucial moving forward.

**Farewell ending:** We sincerely hope for Mohammad's cooperation in following these guidelines to see an improvement in his condition. Please remember, we are here to support you through this journey.

**Followup Instructions:** Schedule a follow-up visit with Dr. Smith in three months or sooner if concerns arise.","[
    'challenging patient',
    'uncooperative behavior',
    'noncompliant',
    'citing his preferences for junk food',
    'frequent cursing at nurses',
    'spends excessive time around local fast food establishments',
    'poor dietary habit',
    'difficult patient',
    'challenging interactions',
    'unreliable historical recounting',
    'compliance issues',
    'resistant to modifying his diet',
    'cursing at staff persisted',
    'noncompliance has been a significant barrier to his care'
]
"